Trial, Ring, mod, DiagAction (s), Our Alg (s), Ratio, Invar
1,QQ[a..c],2,.0100168,.00178443,5.61343
2,'',3,.0179816,.000366381,49.0789
3,QQ[a..e],2,.0230528,.00330086,6.98387
4,'',3,.0571586,.0019139,29.8649
5,QQ[a..g],2,.0483626,.0064351,7.51544
6,'',3,.223566,.00576548,38.7767

 
Total Time (s),8.39874