Trial, Ring, mod, DiagAction (s), Our Alg (s), Ratio, Invar
1,QQ[x_1..x_3],2,.00959433,.00487643,1.96749
2,QQ[x_1..x_3],3,.0165336,.00479214,3.45014
3,QQ[v..z],2,.022465,.029096,.772098
4,QQ[v..z],3,.0537388,.0580791,.925269
5,QQ[x_1..x_7],2,.0669508,.076185,.878791
6,QQ[x_1..x_7],3,.455867,.168489,2.70561

 
Total Time (s),20.9531