Trial, Ring, mod, DiagAction (s), Our Alg (s), Ratio, Invar
1,QQ[x_1..x_3],2,.009148,.00196771,4.64905
2,QQ[x_1..x_3],3,.016109,.000527476,30.5397
3,QQ[x_1..x_5],2,.0213892,.00316148,6.76559
4,QQ[x_1..x_5],3,.051739,.00751295,6.88663
5,QQ[x_1..x_7],2,.0594732,.00488705,12.1696
6,QQ[x_1..x_7],3,.419369,.0860538,4.87334

 
Total Time (s),14.9014